{"cameraMode":{"drawMode":0,"name":"Shaded","section":"Shading Mode"},"sceneLighting":true,"audioPlay":false,"sceneViewState":{"m_AlwaysRefresh":false,"showFog":true,"showSkybox":true,"showFlares":true,"showImageEffects":true,"showParticleSystems":true,"showVisualEffectGraphs":true,"m_FxEnabled":true},"in2DMode":false,"pivot":{"x":-0.6074281930923462,"y":1.1715391874313355,"z":0.13789081573486329},"rotation":{"x":-0.24296130239963532,"y":-0.5647284984588623,"z":0.178602397441864,"w":-0.7682238817214966},"size":0.9122515916824341,"orthographic":false}