{"cameraMode":{"drawMode":0,"name":"Shaded","section":"Shading Mode"},"sceneLighting":true,"audioPlay":false,"sceneViewState":{"m_AlwaysRefresh":false,"showFog":true,"showSkybox":true,"showFlares":true,"showImageEffects":true,"showParticleSystems":true,"showVisualEffectGraphs":true,"m_FxEnabled":false},"in2DMode":false,"pivot":{"x":0.46146970987319949,"y":1.3225102424621583,"z":0.3722289800643921},"rotation":{"x":-0.18881860375404359,"y":0.19360654056072236,"z":-0.037987299263477328,"w":-0.9620059132575989},"size":1.0896220207214356,"orthographic":false}