{"cameraMode":{"drawMode":0,"name":"Shaded","section":"Shading Mode"},"sceneLighting":true,"audioPlay":false,"sceneViewState":{"m_AlwaysRefresh":false,"showFog":true,"showSkybox":true,"showFlares":true,"showImageEffects":true,"showParticleSystems":true,"showVisualEffectGraphs":true,"m_FxEnabled":true},"in2DMode":false,"pivot":{"x":-0.016504287719726564,"y":0.7602519989013672,"z":-1.621199369430542},"rotation":{"x":-0.198466494679451,"y":-0.5569054484367371,"z":0.13912522792816163,"w":-0.7944337129592896},"size":2.4197845458984377,"orthographic":false}